<?xml version="1.0" encoding="UTF-8"?>
<project-private xmlns="http://www.netbeans.org/ns/project-private/1">
    <editor-bookmarks xmlns="http://www.netbeans.org/ns/editor-bookmarks/2" lastBookmarkId="0"/>
    <open-files xmlns="http://www.netbeans.org/ns/projectui-open-files/2">
        <group>
            <file>file:/C:/Users/Jacob%20Byers/OneDrive/Documents/GitHub/embeddedworld/TWI_example.X/main.c</file>
            <file>file:/C:/Users/Jacob%20Byers/OneDrive/Documents/GitHub/embeddedworld/TWI_example.X/Config_Arrays.c</file>
            <file>file:/C:/Users/Jacob%20Byers/OneDrive/Documents/GitHub/embeddedworld/TWI_example.X/STA013.h</file>
            <file>file:/C:/Users/Jacob%20Byers/OneDrive/Documents/GitHub/embeddedworld/TWI_example.X/TWI.h</file>
            <file>file:/C:/Users/Jacob%20Byers/OneDrive/Documents/GitHub/embeddedworld/TWI_example.X/TWI.c</file>
            <file>file:/C:/Users/Jacob%20Byers/OneDrive/Documents/GitHub/embeddedworld/TWI_example.X/STA013.c</file>
        </group>
    </open-files>
</project-private>
