<?xml version="1.0" encoding="UTF-8"?>
<project-private xmlns="http://www.netbeans.org/ns/project-private/1">
    <editor-bookmarks xmlns="http://www.netbeans.org/ns/editor-bookmarks/2" lastBookmarkId="0"/>
    <open-files xmlns="http://www.netbeans.org/ns/projectui-open-files/2">
        <group>
            <file>file:/E:/CpE314_sp2014/CpE5160_Fall2020/Projects_2024/MP3_Player_Example.X/main.c</file>
            <file>file:/E:/CpE314_sp2014/CpE5160_Fall2020/Projects_2024/MP3_Player_Example.X/Play_Song.c</file>
            <file>file:/E:/CpE314_sp2014/CpE5160_Fall2020/Projects_2024/MP3_Player_Example.X/GPIO_Inputs.h</file>
            <file>file:/E:/CpE314_sp2014/CpE5160_Fall2020/Projects_2024/MP3_Player_Example.X/GPIO_Inputs.c</file>
            <file>file:/E:/CpE314_sp2014/CpE5160_Fall2020/Projects_2024/MP3_Player_Example.X/GPIO_Outputs.c</file>
            <file>file:/E:/CpE314_sp2014/CpE5160_Fall2020/Projects_2024/MP3_Player_Example.X/UART.c</file>
        </group>
    </open-files>
</project-private>
